ADBannerView, http://docs.unity3d.com/Documentation/ScriptReference/ADBannerView.html
ADError, http://docs.unity3d.com/Documentation/ScriptReference/ADError.html
ADInterstitialAd, http://docs.unity3d.com/Documentation/ScriptReference/ADInterstitialAd.html
AccelerationEvent, http://docs.unity3d.com/Documentation/ScriptReference/AccelerationEvent.html
ActionScript, http://docs.unity3d.com/Documentation/ScriptReference/ActionScript.html
AndroidInput, http://docs.unity3d.com/Documentation/ScriptReference/AndroidInput.html
AndroidJNIHelper, http://docs.unity3d.com/Documentation/ScriptReference/AndroidJNIHelper.html
AndroidJNI, http://docs.unity3d.com/Documentation/ScriptReference/AndroidJNI.html
AndroidJavaObject, http://docs.unity3d.com/Documentation/ScriptReference/AndroidJavaObject.html
AndroidJavaClass, http://docs.unity3d.com/Documentation/ScriptReference/AndroidJavaClass.html
AnimationClip, http://docs.unity3d.com/Documentation/ScriptReference/AnimationClip.html
AnimationCurve, http://docs.unity3d.com/Documentation/ScriptReference/AnimationCurve.html
AnimationEvent, http://docs.unity3d.com/Documentation/ScriptReference/AnimationEvent.html
AnimationInfo, http://docs.unity3d.com/Documentation/ScriptReference/AnimationInfo.html
AnimationState, http://docs.unity3d.com/Documentation/ScriptReference/AnimationState.html
AnimatorStateInfo, http://docs.unity3d.com/Documentation/ScriptReference/AnimatorStateInfo.html
AnimatorTransitionInfo, http://docs.unity3d.com/Documentation/ScriptReference/AnimatorTransitionInfo.html
Application, http://docs.unity3d.com/Documentation/ScriptReference/Application.html
Array, http://docs.unity3d.com/Documentation/ScriptReference/Array.html
AudioSettings, http://docs.unity3d.com/Documentation/ScriptReference/AudioSettings.html
BitStream, http://docs.unity3d.com/Documentation/ScriptReference/BitStream.html
BoneWeight, http://docs.unity3d.com/Documentation/ScriptReference/BoneWeight.html
Bounds, http://docs.unity3d.com/Documentation/ScriptReference/Bounds.html
Caching, http://docs.unity3d.com/Documentation/ScriptReference/Caching.html
CharacterInfo, http://docs.unity3d.com/Documentation/ScriptReference/CharacterInfo.html
ClothSkinningCoefficient, http://docs.unity3d.com/Documentation/ScriptReference/ClothSkinningCoefficient.html
Collision, http://docs.unity3d.com/Documentation/ScriptReference/Collision.html
Color32, http://docs.unity3d.com/Documentation/ScriptReference/Color32.html
Color, http://docs.unity3d.com/Documentation/ScriptReference/Color.html
CombineInstance, http://docs.unity3d.com/Documentation/ScriptReference/CombineInstance.html
Compass, http://docs.unity3d.com/Documentation/ScriptReference/Compass.html
ComputeBuffer, http://docs.unity3d.com/Documentation/ScriptReference/ComputeBuffer.html
ContactPoint, http://docs.unity3d.com/Documentation/ScriptReference/ContactPoint.html
ControllerColliderHit, http://docs.unity3d.com/Documentation/ScriptReference/ControllerColliderHit.html
Cursor, http://docs.unity3d.com/Documentation/ScriptReference/Cursor.html
Debug, http://docs.unity3d.com/Documentation/ScriptReference/Debug.html
DetailPrototype, http://docs.unity3d.com/Documentation/ScriptReference/DetailPrototype.html
Event, http://docs.unity3d.com/Documentation/ScriptReference/Event.html
FlashPlayer, http://docs.unity3d.com/Documentation/ScriptReference/FlashPlayer.html
GL, http://docs.unity3d.com/Documentation/ScriptReference/GL.html
GUIContent, http://docs.unity3d.com/Documentation/ScriptReference/GUIContent.html
GUILayoutOption, http://docs.unity3d.com/Documentation/ScriptReference/GUILayoutOption.html
GUILayoutUtility, http://docs.unity3d.com/Documentation/ScriptReference/GUILayoutUtility.html
GUILayout, http://docs.unity3d.com/Documentation/ScriptReference/GUILayout.html
GUISettings, http://docs.unity3d.com/Documentation/ScriptReference/GUISettings.html
GUIStyleState, http://docs.unity3d.com/Documentation/ScriptReference/GUIStyleState.html
GUIStyle, http://docs.unity3d.com/Documentation/ScriptReference/GUIStyle.html
GUIUtility, http://docs.unity3d.com/Documentation/ScriptReference/GUIUtility.html
GUI, http://docs.unity3d.com/Documentation/ScriptReference/GUI.html
GeometryUtility, http://docs.unity3d.com/Documentation/ScriptReference/GeometryUtility.html
Gizmos, http://docs.unity3d.com/Documentation/ScriptReference/Gizmos.html
GradientAlphaKey, http://docs.unity3d.com/Documentation/ScriptReference/GradientAlphaKey.html
GradientColorKey, http://docs.unity3d.com/Documentation/ScriptReference/GradientColorKey.html
Gradient, http://docs.unity3d.com/Documentation/ScriptReference/Gradient.html
Graphics, http://docs.unity3d.com/Documentation/ScriptReference/Graphics.html
Gyroscope, http://docs.unity3d.com/Documentation/ScriptReference/Gyroscope.html
Handheld, http://docs.unity3d.com/Documentation/ScriptReference/Handheld.html
Hashtable, http://docs.unity3d.com/Documentation/ScriptReference/Hashtable.html
HostData, http://docs.unity3d.com/Documentation/ScriptReference/HostData.html
IAchievementDescription, http://docs.unity3d.com/Documentation/ScriptReference/IAchievementDescription.html
IAchievement, http://docs.unity3d.com/Documentation/ScriptReference/IAchievement.html
ILeaderboard, http://docs.unity3d.com/Documentation/ScriptReference/ILeaderboard.html
IScore, http://docs.unity3d.com/Documentation/ScriptReference/IScore.html
ISocialPlatform, http://docs.unity3d.com/Documentation/ScriptReference/ISocialPlatform.html
GameCenterPlatform, http://docs.unity3d.com/Documentation/ScriptReference/GameCenterPlatform.html
IUserProfile, http://docs.unity3d.com/Documentation/ScriptReference/IUserProfile.html
ILocalUser, http://docs.unity3d.com/Documentation/ScriptReference/ILocalUser.html
Input, http://docs.unity3d.com/Documentation/ScriptReference/Input.html
JointDrive, http://docs.unity3d.com/Documentation/ScriptReference/JointDrive.html
JointLimits, http://docs.unity3d.com/Documentation/ScriptReference/JointLimits.html
JointMotor, http://docs.unity3d.com/Documentation/ScriptReference/JointMotor.html
JointSpring, http://docs.unity3d.com/Documentation/ScriptReference/JointSpring.html
Keyframe, http://docs.unity3d.com/Documentation/ScriptReference/Keyframe.html
LOD, http://docs.unity3d.com/Documentation/ScriptReference/LOD.html
LayerMask, http://docs.unity3d.com/Documentation/ScriptReference/LayerMask.html
LightmapData, http://docs.unity3d.com/Documentation/ScriptReference/LightmapData.html
LightmapSettings, http://docs.unity3d.com/Documentation/ScriptReference/LightmapSettings.html
LocalNotification, http://docs.unity3d.com/Documentation/ScriptReference/LocalNotification.html
LocationInfo, http://docs.unity3d.com/Documentation/ScriptReference/LocationInfo.html
LocationService, http://docs.unity3d.com/Documentation/ScriptReference/LocationService.html
MasterServer, http://docs.unity3d.com/Documentation/ScriptReference/MasterServer.html
MatchTargetWeightMask, http://docs.unity3d.com/Documentation/ScriptReference/MatchTargetWeightMask.html
MaterialPropertyBlock, http://docs.unity3d.com/Documentation/ScriptReference/MaterialPropertyBlock.html
Mathf, http://docs.unity3d.com/Documentation/ScriptReference/Mathf.html
Matrix4x4, http://docs.unity3d.com/Documentation/ScriptReference/Matrix4x4.html
Microphone, http://docs.unity3d.com/Documentation/ScriptReference/Microphone.html
NavMeshHit, http://docs.unity3d.com/Documentation/ScriptReference/NavMeshHit.html
NavMeshPath, http://docs.unity3d.com/Documentation/ScriptReference/NavMeshPath.html
NetworkMessageInfo, http://docs.unity3d.com/Documentation/ScriptReference/NetworkMessageInfo.html
NetworkPlayer, http://docs.unity3d.com/Documentation/ScriptReference/NetworkPlayer.html
NetworkViewID, http://docs.unity3d.com/Documentation/ScriptReference/NetworkViewID.html
Network, http://docs.unity3d.com/Documentation/ScriptReference/Network.html
NotificationServices, http://docs.unity3d.com/Documentation/ScriptReference/NotificationServices.html
Object, http://docs.unity3d.com/Documentation/ScriptReference/Object.html
AssetBundle, http://docs.unity3d.com/Documentation/ScriptReference/AssetBundle.html
AudioClip, http://docs.unity3d.com/Documentation/ScriptReference/AudioClip.html
Avatar, http://docs.unity3d.com/Documentation/ScriptReference/Avatar.html
Component, http://docs.unity3d.com/Documentation/ScriptReference/Component.html
Behaviour, http://docs.unity3d.com/Documentation/ScriptReference/Behaviour.html
Animation, http://docs.unity3d.com/Documentation/ScriptReference/Animation.html
Animator, http://docs.unity3d.com/Documentation/ScriptReference/Animator.html
AudioChorusFilter, http://docs.unity3d.com/Documentation/ScriptReference/AudioChorusFilter.html
AudioDistortionFilter, http://docs.unity3d.com/Documentation/ScriptReference/AudioDistortionFilter.html
AudioEchoFilter, http://docs.unity3d.com/Documentation/ScriptReference/AudioEchoFilter.html
AudioHighPassFilter, http://docs.unity3d.com/Documentation/ScriptReference/AudioHighPassFilter.html
AudioListener, http://docs.unity3d.com/Documentation/ScriptReference/AudioListener.html
AudioLowPassFilter, http://docs.unity3d.com/Documentation/ScriptReference/AudioLowPassFilter.html
AudioReverbFilter, http://docs.unity3d.com/Documentation/ScriptReference/AudioReverbFilter.html
AudioReverbZone, http://docs.unity3d.com/Documentation/ScriptReference/AudioReverbZone.html
AudioSource, http://docs.unity3d.com/Documentation/ScriptReference/AudioSource.html
Camera, http://docs.unity3d.com/Documentation/ScriptReference/Camera.html
ConstantForce, http://docs.unity3d.com/Documentation/ScriptReference/ConstantForce.html
GUIElement, http://docs.unity3d.com/Documentation/ScriptReference/GUIElement.html
GUIText, http://docs.unity3d.com/Documentation/ScriptReference/GUIText.html
GUITexture, http://docs.unity3d.com/Documentation/ScriptReference/GUITexture.html
GUILayer, http://docs.unity3d.com/Documentation/ScriptReference/GUILayer.html
LensFlare, http://docs.unity3d.com/Documentation/ScriptReference/LensFlare.html
Light, http://docs.unity3d.com/Documentation/ScriptReference/Light.html
MonoBehaviour, http://docs.unity3d.com/Documentation/ScriptReference/MonoBehaviour.html
Terrain, http://docs.unity3d.com/Documentation/ScriptReference/Terrain.html
NavMeshAgent, http://docs.unity3d.com/Documentation/ScriptReference/NavMeshAgent.html
NavMeshObstacle, http://docs.unity3d.com/Documentation/ScriptReference/NavMeshObstacle.html
NetworkView, http://docs.unity3d.com/Documentation/ScriptReference/NetworkView.html
Projector, http://docs.unity3d.com/Documentation/ScriptReference/Projector.html
Skybox, http://docs.unity3d.com/Documentation/ScriptReference/Skybox.html
Cloth, http://docs.unity3d.com/Documentation/ScriptReference/Cloth.html
InteractiveCloth, http://docs.unity3d.com/Documentation/ScriptReference/InteractiveCloth.html
SkinnedCloth, http://docs.unity3d.com/Documentation/ScriptReference/SkinnedCloth.html
Collider, http://docs.unity3d.com/Documentation/ScriptReference/Collider.html
BoxCollider, http://docs.unity3d.com/Documentation/ScriptReference/BoxCollider.html
CapsuleCollider, http://docs.unity3d.com/Documentation/ScriptReference/CapsuleCollider.html
CharacterController, http://docs.unity3d.com/Documentation/ScriptReference/CharacterController.html
MeshCollider, http://docs.unity3d.com/Documentation/ScriptReference/MeshCollider.html
SphereCollider, http://docs.unity3d.com/Documentation/ScriptReference/SphereCollider.html
TerrainCollider, http://docs.unity3d.com/Documentation/ScriptReference/TerrainCollider.html
WheelCollider, http://docs.unity3d.com/Documentation/ScriptReference/WheelCollider.html
Joint, http://docs.unity3d.com/Documentation/ScriptReference/Joint.html
CharacterJoint, http://docs.unity3d.com/Documentation/ScriptReference/CharacterJoint.html
ConfigurableJoint, http://docs.unity3d.com/Documentation/ScriptReference/ConfigurableJoint.html
FixedJoint, http://docs.unity3d.com/Documentation/ScriptReference/FixedJoint.html
HingeJoint, http://docs.unity3d.com/Documentation/ScriptReference/HingeJoint.html
SpringJoint, http://docs.unity3d.com/Documentation/ScriptReference/SpringJoint.html
LODGroup, http://docs.unity3d.com/Documentation/ScriptReference/LODGroup.html
LightProbeGroup, http://docs.unity3d.com/Documentation/ScriptReference/LightProbeGroup.html
MeshFilter, http://docs.unity3d.com/Documentation/ScriptReference/MeshFilter.html
OcclusionArea, http://docs.unity3d.com/Documentation/ScriptReference/OcclusionArea.html
OcclusionPortal, http://docs.unity3d.com/Documentation/ScriptReference/OcclusionPortal.html
OffMeshLink, http://docs.unity3d.com/Documentation/ScriptReference/OffMeshLink.html
ParticleAnimator, http://docs.unity3d.com/Documentation/ScriptReference/ParticleAnimator.html
ParticleEmitter, http://docs.unity3d.com/Documentation/ScriptReference/ParticleEmitter.html
ParticleSystem, http://docs.unity3d.com/Documentation/ScriptReference/ParticleSystem.html
Renderer, http://docs.unity3d.com/Documentation/ScriptReference/Renderer.html
ClothRenderer, http://docs.unity3d.com/Documentation/ScriptReference/ClothRenderer.html
LineRenderer, http://docs.unity3d.com/Documentation/ScriptReference/LineRenderer.html
MeshRenderer, http://docs.unity3d.com/Documentation/ScriptReference/MeshRenderer.html
ParticleRenderer, http://docs.unity3d.com/Documentation/ScriptReference/ParticleRenderer.html
ParticleSystemRenderer, http://docs.unity3d.com/Documentation/ScriptReference/ParticleSystemRenderer.html
SkinnedMeshRenderer, http://docs.unity3d.com/Documentation/ScriptReference/SkinnedMeshRenderer.html
TrailRenderer, http://docs.unity3d.com/Documentation/ScriptReference/TrailRenderer.html
Rigidbody, http://docs.unity3d.com/Documentation/ScriptReference/Rigidbody.html
TextMesh, http://docs.unity3d.com/Documentation/ScriptReference/TextMesh.html
Transform, http://docs.unity3d.com/Documentation/ScriptReference/Transform.html
Tree, http://docs.unity3d.com/Documentation/ScriptReference/Tree.html
ComputeShader, http://docs.unity3d.com/Documentation/ScriptReference/ComputeShader.html
Flare, http://docs.unity3d.com/Documentation/ScriptReference/Flare.html
Font, http://docs.unity3d.com/Documentation/ScriptReference/Font.html
GameObject, http://docs.unity3d.com/Documentation/ScriptReference/GameObject.html
LightProbes, http://docs.unity3d.com/Documentation/ScriptReference/LightProbes.html
Material, http://docs.unity3d.com/Documentation/ScriptReference/Material.html
ProceduralMaterial, http://docs.unity3d.com/Documentation/ScriptReference/ProceduralMaterial.html
Mesh, http://docs.unity3d.com/Documentation/ScriptReference/Mesh.html
NavMesh, http://docs.unity3d.com/Documentation/ScriptReference/NavMesh.html
PhysicMaterial, http://docs.unity3d.com/Documentation/ScriptReference/PhysicMaterial.html
QualitySettings, http://docs.unity3d.com/Documentation/ScriptReference/QualitySettings.html
RenderSettings, http://docs.unity3d.com/Documentation/ScriptReference/RenderSettings.html
ScriptableObject, http://docs.unity3d.com/Documentation/ScriptReference/ScriptableObject.html
GUISkin, http://docs.unity3d.com/Documentation/ScriptReference/GUISkin.html
Shader, http://docs.unity3d.com/Documentation/ScriptReference/Shader.html
TerrainData, http://docs.unity3d.com/Documentation/ScriptReference/TerrainData.html
TextAsset, http://docs.unity3d.com/Documentation/ScriptReference/TextAsset.html
Texture, http://docs.unity3d.com/Documentation/ScriptReference/Texture.html
Cubemap, http://docs.unity3d.com/Documentation/ScriptReference/Cubemap.html
MovieTexture, http://docs.unity3d.com/Documentation/ScriptReference/MovieTexture.html
RenderTexture, http://docs.unity3d.com/Documentation/ScriptReference/RenderTexture.html
Texture2D, http://docs.unity3d.com/Documentation/ScriptReference/Texture2D.html
Texture3D, http://docs.unity3d.com/Documentation/ScriptReference/Texture3D.html
WebCamTexture, http://docs.unity3d.com/Documentation/ScriptReference/WebCamTexture.html
OffMeshLinkData, http://docs.unity3d.com/Documentation/ScriptReference/OffMeshLinkData.html
ParticleSystem.Particle, http://docs.unity3d.com/Documentation/ScriptReference/ParticleSystem.Particle.html
Particle, http://docs.unity3d.com/Documentation/ScriptReference/Particle.html
Path, http://docs.unity3d.com/Documentation/ScriptReference/Path.html
Physics, http://docs.unity3d.com/Documentation/ScriptReference/Physics.html
Ping, http://docs.unity3d.com/Documentation/ScriptReference/Ping.html
Plane, http://docs.unity3d.com/Documentation/ScriptReference/Plane.html
PlayerPrefsException, http://docs.unity3d.com/Documentation/ScriptReference/PlayerPrefsException.html
PlayerPrefs, http://docs.unity3d.com/Documentation/ScriptReference/PlayerPrefs.html
ProceduralPropertyDescription, http://docs.unity3d.com/Documentation/ScriptReference/ProceduralPropertyDescription.html
Profiler, http://docs.unity3d.com/Documentation/ScriptReference/Profiler.html
Quaternion, http://docs.unity3d.com/Documentation/ScriptReference/Quaternion.html
Random, http://docs.unity3d.com/Documentation/ScriptReference/Random.html
Range, http://docs.unity3d.com/Documentation/ScriptReference/Range.html
Ray, http://docs.unity3d.com/Documentation/ScriptReference/Ray.html
RaycastHit, http://docs.unity3d.com/Documentation/ScriptReference/RaycastHit.html
RectOffset, http://docs.unity3d.com/Documentation/ScriptReference/RectOffset.html
Rect, http://docs.unity3d.com/Documentation/ScriptReference/Rect.html
RemoteNotification, http://docs.unity3d.com/Documentation/ScriptReference/RemoteNotification.html
RenderBuffer, http://docs.unity3d.com/Documentation/ScriptReference/RenderBuffer.html
Resolution, http://docs.unity3d.com/Documentation/ScriptReference/Resolution.html
Resources, http://docs.unity3d.com/Documentation/ScriptReference/Resources.html
Screen, http://docs.unity3d.com/Documentation/ScriptReference/Screen.html
Security, http://docs.unity3d.com/Documentation/ScriptReference/Security.html
SleepTimeout, http://docs.unity3d.com/Documentation/ScriptReference/SleepTimeout.html
Social, http://docs.unity3d.com/Documentation/ScriptReference/Social.html
SoftJointLimit, http://docs.unity3d.com/Documentation/ScriptReference/SoftJointLimit.html
SplatPrototype, http://docs.unity3d.com/Documentation/ScriptReference/SplatPrototype.html
StaticBatchingUtility, http://docs.unity3d.com/Documentation/ScriptReference/StaticBatchingUtility.html
String, http://docs.unity3d.com/Documentation/ScriptReference/String.html
SystemInfo, http://docs.unity3d.com/Documentation/ScriptReference/SystemInfo.html
Time, http://docs.unity3d.com/Documentation/ScriptReference/Time.html
TouchScreenKeyboard, http://docs.unity3d.com/Documentation/ScriptReference/TouchScreenKeyboard.html
Touch, http://docs.unity3d.com/Documentation/ScriptReference/Touch.html
TreeInstance, http://docs.unity3d.com/Documentation/ScriptReference/TreeInstance.html
TreePrototype, http://docs.unity3d.com/Documentation/ScriptReference/TreePrototype.html
Vector2, http://docs.unity3d.com/Documentation/ScriptReference/Vector2.html
Vector3, http://docs.unity3d.com/Documentation/ScriptReference/Vector3.html
Vector4, http://docs.unity3d.com/Documentation/ScriptReference/Vector4.html
WWWForm, http://docs.unity3d.com/Documentation/ScriptReference/WWWForm.html
WWW, http://docs.unity3d.com/Documentation/ScriptReference/WWW.html
WebCamDevice, http://docs.unity3d.com/Documentation/ScriptReference/WebCamDevice.html
WheelFrictionCurve, http://docs.unity3d.com/Documentation/ScriptReference/WheelFrictionCurve.html
WheelHit, http://docs.unity3d.com/Documentation/ScriptReference/WheelHit.html
YieldInstruction, http://docs.unity3d.com/Documentation/ScriptReference/YieldInstruction.html
AsyncOperation, http://docs.unity3d.com/Documentation/ScriptReference/AsyncOperation.html
AssetBundleCreateRequest, http://docs.unity3d.com/Documentation/ScriptReference/AssetBundleCreateRequest.html
AssetBundleRequest, http://docs.unity3d.com/Documentation/ScriptReference/AssetBundleRequest.html
Coroutine, http://docs.unity3d.com/Documentation/ScriptReference/Coroutine.html
WaitForEndOfFrame, http://docs.unity3d.com/Documentation/ScriptReference/WaitForEndOfFrame.html
WaitForFixedUpdate, http://docs.unity3d.com/Documentation/ScriptReference/WaitForFixedUpdate.html
WaitForSeconds, http://docs.unity3d.com/Documentation/ScriptReference/WaitForSeconds.html
iPhoneInput, http://docs.unity3d.com/Documentation/ScriptReference/iPhoneInput.html
iPhoneSettings, http://docs.unity3d.com/Documentation/ScriptReference/iPhoneSettings.html
iPhoneUtils, http://docs.unity3d.com/Documentation/ScriptReference/iPhoneUtils.html
iPhone, http://docs.unity3d.com/Documentation/ScriptReference/iPhone.html
